Municipality;District
Abrahámovce;Bardejov
Adamovské Kochanovce;Trenčín
Andrejová;Bardejov
Báb;Nitra
Babindol;Nitra
Bačkov;Trebišov
Baďan;Banská Štiavnica
Bajany;Michalovce
Bajka;Levice
Baldovce;Levoča
Banka;Piešťany
Banská Belá;Banská Štiavnica
Banský Studenec;Banská Štiavnica
Bardoňovo;Nové Zámky
Baškovce;Humenné
Bátka;Rimavská Sobota
Becherov;Bardejov
Belá;Žilina
Belejovce;Svidník
Bellova Ves;Dunajská Streda
Belža;Košice - okolie
Beňatina;Sobrance
Beňuš;Brezno
Beša;Michalovce
Betliar;Rožňava
Bielovce;Levice
Bíňa;Nové Zámky
Bitarová;Žilina
Blatné;Senec
Blažice;Košice - okolie
Bobot;Trenčín
Bobrovník;Liptovský Mikuláš
Bodorová;Turčianske Teplice
Bodzianske Lúky;Komárno
Boheľov;Dunajská Streda
Bojná;Topoľčany
Boldog;Senec
Boľkovce;Lučenec
Borinka;Malacky
Borša;Trebišov
Bošáca;Nové Mesto nad Váhom
Bracovce;Michalovce
Bratislava - Devín;Bratislava IV
Bratislava - Karlova Ves;Bratislava IV
Bratislava - Podunajské Biskupice;Bratislava II
Bratislava - Staré Mesto;Bratislava I
Braväcovo;Brezno
Brekov;Humenné
Brestovany;Trnava
Bretka;Rožňava
Brezina;Trebišov
Breznička;Stropkov
Brezová pod Bradlom;Myjava
Brezovička;Sabinov
Brodské;Skalica
Brusník;Veľký Krtíš
Brvnište;Považská Bystrica
Buclovany;Bardejov
Budiná;Lučenec
Budmerice;Pezinok
Bukovec;Myjava
Bunetice;Košice - okolie
Buzica;Košice - okolie
Bystrá;Stropkov
Bystrička;Martin
Bzenov;Prešov
Bzovská Lehôtka;Zvolen
Čabiny;Medzilaborce
Čadca;Čadca
Čakanovce;Lučenec
Cakov;Rimavská Sobota
Čaradice;Zlaté Moravce
Častkovce;Nové Mesto nad Váhom
Čebovce;Veľký Krtíš
Čechynce;Nitra
Čeľadince;Topoľčany
Čelovce;Prešov
Čerenčany;Rimavská Sobota
Černík;Nové Zámky
Cerová;Senica
Červeňany;Veľký Krtíš
Červený Hrádok;Zlaté Moravce
Cestice;Košice - okolie
Chlmec;Humenné
Chmeľovec;Prešov
Choča;Zlaté Moravce
Chorváty;Košice - okolie
Chrámec;Rimavská Sobota
Chrenovec - Brusno;Prievidza
Chudá Lehota;Bánovce nad Bebravou
Chynorany;Partizánske
Čičmany;Žilina
Čierna Lehota;Rožňava
Čierne Kľačany;Zlaté Moravce
Čierny Brod;Galanta
Cigeľ;Prievidza
Cimenná;Bánovce nad Bebravou
Číž;Rimavská Sobota
Čučma;Rožňava
Daletice;Sabinov
Dargov;Trebišov
Dedačov;Humenné
Dekýš;Banská Štiavnica
Detrík;Vranov nad Topľou
Devičie;Krupina
Diviacka Nová Ves;Prievidza
Divinka;Žilina
Dlhá nad Váhom;Šaľa
Dlhé Pole;Žilina
Dobrá;Trebišov
Dobrohošť;Dunajská Streda
Dojč;Senica
Dolná Breznica;Púchov
Dolná Mičiná;Banská Bystrica
Dolná Strehová;Veľký Krtíš
Dolná Ves;Žiar nad Hronom
Dolné Lefantovce;Nitra
Dolné Obdokovce;Nitra
Dolné Saliby;Galanta
Dolné Trhovište;Hlohovec
Dolný Badín;Krupina
Dolný Hričov;Žilina
Dolný Lopašov;Piešťany
Dolný Vadičov;Kysucké Nové Mesto
Domaňovce;Levoča
Drahovce;Piešťany
Drážovce;Krupina
Drienovec;Košice - okolie
Drňa;Rimavská Sobota
Držkovce;Revúca
Dubnička;Bánovce nad Bebravou
Dubová;Pezinok
Dubové;Turčianske Teplice
Dúbrava;Liptovský Mikuláš
Dúbravka;Michalovce
Dukovce;Svidník
Dulovo;Rimavská Sobota
Dunajský Klátov;Dunajská Streda
Ďurďošík;Košice - okolie
Ďurkovce;Veľký Krtíš
Dvorníky;Hlohovec
Fačkov;Žilina
Figa;Rimavská Sobota
Fintice;Prešov
Fričkovce;Bardejov
Gaboltov;Bardejov
Gáň;Galanta
Gbely;Skalica
Gemerček;Rimavská Sobota
Gemerská Ves;Revúca
Gemerský Jablonec;Rimavská Sobota
Gerlachov;Poprad
Glabušovce;Veľký Krtíš
Gortva;Rimavská Sobota
Gregorovce;Prešov
Habovka;Tvrdošín
Háj;Košice - okolie
Hajtovka;Stará Ľubovňa
Haluzice;Nové Mesto nad Váhom
Haniska;Prešov
Hankovce;Humenné
Harichovce;Spišská Nová Ves
Havaj;Stropkov
Hažín nad Cirochou;Humenné
Henckovce;Rožňava
Herľany;Košice - okolie
Hervartov;Bardejov
Hlboké;Senica
Hlivištia;Sobrance
Hnilec;Spišská Nová Ves
Hodejovec;Rimavská Sobota
Holčíkovce;Vranov nad Topľou
Holiša;Lučenec
Hontianske Moravce;Krupina
Hôrka;Poprad
Horná Breznica;Púchov
Horná Lehota;Brezno
Horná Potôň;Dunajská Streda
Horná Štubňa;Turčianske Teplice
Horná Ždaňa;Žiar nad Hronom
Horné Hámre;Žarnovica
Horné Naštice;Bánovce nad Bebravou
Horné Plachtince;Veľký Krtíš
Horné Srnie;Trenčín
Horné Turovce;Levice
Horný Badín;Krupina
Horný Lieskov;Považská Bystrica
Horovce;Púchov
Hostie;Zlaté Moravce
Hosťovce;Košice - okolie
Hrabkov;Prešov
Hrabovec nad Laborcom;Humenné
Hrachovište;Nové Mesto nad Váhom
Hradište;Poltár
Hraničné;Stará Ľubovňa
Hrčeľ;Trebišov
Hriňová;Detva
Hrnčiarovce nad Parnou;Trnava
Hromoš;Stará Ľubovňa
Hronská Breznica;Zvolen
Hronský Beňadik;Žarnovica
Hrubý Šúr;Senec
Hrušovo;Rimavská Sobota
Hubošovce;Sabinov
Hudcovce;Humenné
Hunkovce;Svidník
Husiná;Rimavská Sobota
Hvozdnica;Bytča
Ihľany;Kežmarok
Ilija;Banská Štiavnica
Inovce;Sobrance
Istebné;Dolný Kubín
Ivanka pri Dunaji;Senec
Ižipovce;Liptovský Mikuláš
Jablonica;Senica
Jabloňovce;Levice
Jahodná;Dunajská Streda
Jakubov;Malacky
Jakušovce;Stropkov
Jalšové;Hlohovec
Janice;Rimavská Sobota
Janov;Prešov
Jánovce;Poprad
Jarok;Nitra
Jasenov;Humenné
Jasenové;Žilina
Jasová;Nové Zámky
Jatov;Nové Zámky
Jelenec;Nitra
Jelšovec;Lučenec
Ješkova Ves;Partizánske
Jovsa;Michalovce
Jurské;Kežmarok
Kaľamenová;Turčianske Teplice
Kalinov;Medzilaborce
Kálnica;Nové Mesto nad Váhom
Kalša;Košice - okolie
Kamenec pod Vtáčnikom;Prievidza
Kameničany;Ilava
Kamenná Poruba;Vranov nad Topľou
Kamienka;Stará Ľubovňa
Kaplna;Senec
Karná;Humenné
Kazimír;Trebišov
Kečkovce;Svidník
Keť;Levice
Kľače;Žilina
Klasov;Nitra
Kleňany;Veľký Krtíš
Klieština;Považská Bystrica
Klokoč;Detva
Kľúčovec;Dunajská Streda
Kobeliarovo;Rožňava
Kochanovce;Bardejov
Kočovce;Nové Mesto nad Váhom
Kokava nad Rimavicou;Poltár
Kolačno;Partizánske
Kolbasov;Snina
Kolinovce;Spišská Nová Ves
Komárno;Komárno
Komjatná;Ružomberok
Konská;Liptovský Mikuláš
Kopernica;Žiar nad Hronom
Korejovce;Svidník
Korytárky;Detva
Košarovce;Humenné
Košice - Dargovských hrdinov;Košice III
Košice - Košická Nová Ves;Košice III
Košice - Myslava;Košice II
Košice - Šaca;Košice II
Košice - Sídlisko Ťahanovce;Košice I
Košice - Západ;Košice II
Košický Klečenov;Košice - okolie
Košolná;Trnava
Kostoľany pod Tribečom;Zlaté Moravce
Kostolná pri Dunaji;Senec
Košúty;Galanta
Kováčová;Zvolen
Koválovec;Skalica
Kozelník;Banská Štiavnica
Kračúnovce;Svidník
Krajná Porúbka;Svidník
Kráľ;Rimavská Sobota
Kráľová nad Váhom;Šaľa
Kráľovce - Krnišov;Krupina
Krásna Lúka;Sabinov
Krásno nad Kysucou;Čadca
Krásny Brod;Medzilaborce
Krčava;Sobrance
Krišľovce;Stropkov
Kriváň;Detva
Krivosúd - Bodovka;Trenčín
Križovany nad Dudváhom;Trnava
Krompachy;Spišská Nová Ves
Kručov;Stropkov
Krušovce;Topoľčany
Kružno;Rimavská Sobota
Kučín;Bardejov
Kukučínov;Levice
Kuraľany;Levice
Kurov;Bardejov
Kuzmice;Topoľčany
Kvakovce;Vranov nad Topľou
Kyjov;Stará Ľubovňa
Kysta;Trebišov
Lackov;Krupina
Ladce;Ilava
Ladomirov;Snina
Lascov;Bardejov
Lastovce;Trebišov
Lazisko;Liptovský Mikuláš
Lednické Rovne;Púchov
Lehota nad Rimavicou;Rimavská Sobota
Lekárovce;Sobrance
Lenartov;Bardejov
Lentvora;Lučenec
Lesné;Michalovce
Letanovce;Spišská Nová Ves
Levkuška;Revúca
Ličartovce;Prešov
Lieskovec;Zvolen
Lietava;Žilina
Limbach;Pezinok
Lipová;Nové Zámky
Lipové;Komárno
Lipovník;Rožňava
Liptovská Osada;Ružomberok
Liptovská Teplá;Ružomberok
Liptovské Matiašovce;Liptovský Mikuláš
Liptovský Ján;Liptovský Mikuláš
Liptovský Peter;Liptovský Mikuláš
Litava;Krupina
Livov;Bardejov
Lokca;Námestovo
Lomnička;Stará Ľubovňa
Lopušné Pažite;Kysucké Nové Mesto
Lovčica - Trubín;Žiar nad Hronom
Ľubá;Nové Zámky
Ľubietová;Banská Bystrica
Ľuboreč;Lučenec
Ľubovec;Prešov
Lúčina;Prešov
Lúčka;Svidník
Lúčky;Michalovce
Ludrová;Ružomberok
Lukačovce;Humenné
Lukovištia;Rimavská Sobota
Lutila;Žiar nad Hronom
Lužany;Topoľčany
Lysica;Žilina
Madunice;Hlohovec
Majerovce;Vranov nad Topľou
Malá Čausa;Prievidza
Malá Hradná;Bánovce nad Bebravou
Malá Mača;Galanta
Malachov;Banská Bystrica
Malatíny;Liptovský Mikuláš
Malé Chyndice;Nitra
Malé Kozmálovce;Levice
Malé Ludince;Levice
Malé Straciny;Veľký Krtíš
Malé Zálužie;Nitra
Malinovo;Senec
Malý Horeš;Trebišov
Malý Lipník;Stará Ľubovňa
Malženice;Trnava
Margecany;Gelnica
Markuška;Rožňava
Martin nad Žitavou;Zlaté Moravce
Mašková;Lučenec
Matiašovce;Kežmarok
Matysová;Stará Ľubovňa
Medzany;Prešov
Medzibrodie nad Oravou;Dolný Kubín
Meliata;Rožňava
Mestečko;Púchov
Michal na Ostrove;Dunajská Streda
Michalok;Vranov nad Topľou
Miezgovce;Bánovce nad Bebravou
Mikušovce;Ilava
Milpoš;Sabinov
Mládzovo;Poltár
Mlynky;Spišská Nová Ves
Moča;Komárno
Modra nad Cirochou;Humenné
Modrý Kameň;Veľký Krtíš
Mojzesovo;Nové Zámky
Mokrý Háj;Skalica
Moravany nad Váhom;Piešťany
Mošovce;Turčianske Teplice
Mošurov;Prešov
Mučín;Lučenec
Muráň;Revúca
Muránska Zdychava;Revúca
Myslina;Humenné
Nacina Ves;Michalovce
Nálepkovo;Gelnica
Ňárad;Dunajská Streda
Nedašovce;Bánovce nad Bebravou
Nemce;Banská Bystrica
Nemcovce;Prešov
Nemšová;Trenčín
Nesluša;Kysucké Nové Mesto
Nevidzany;Zlaté Moravce
Nitra;Nitra
Nitrianske Hrnčiarovce;Nitra
Nitrica;Prievidza
Nižná Hutka;Košice - okolie
Nižná Myšľa;Košice - okolie
Nižná Rybnica;Sobrance
Nižné Ladičkovce;Humenné
Nižný Čaj;Košice - okolie
Nižný Komárnik;Svidník
Nižný Orlík;Svidník
Nižný Žipov;Trebišov
Nová Bašta;Rimavská Sobota
Nová Dedinka;Senec
Nová Lesná;Poprad
Nová Sedlica;Snina
Nová Vieska;Nové Zámky
Nové Mesto nad Váhom;Nové Mesto nad Váhom
Novoť;Námestovo
Nový Tekov;Levice
Obid;Nové Zámky
Obyce;Zlaté Moravce
Očová;Zvolen
Okoč;Dunajská Streda
Olcnava;Spišská Nová Ves
Oľka;Medzilaborce
Oľšavka;Stropkov
Olšovany;Košice - okolie
Ondavské Matiašovce;Vranov nad Topľou
Opátka;Košice - okolie
Opava;Veľký Krtíš
Oravce;Banská Bystrica
Oravská Polhora;Námestovo
Oravský Podzámok;Dolný Kubín
Orešany;Topoľčany
Orovnica;Žarnovica
Oščadnica;Čadca
Ostrá Lúka;Zvolen
Ostrovany;Sabinov
Otrhánky;Bánovce nad Bebravou
Ožďany;Rimavská Sobota
Padarovce;Rimavská Sobota
Palota;Medzilaborce
Papín;Humenné
Párnica;Dolný Kubín
Paština Závada;Žilina
Pataš;Dunajská Streda
Pavlice;Trnava
Pavlovce;Vranov nad Topľou
Pečeňady;Piešťany
Peder;Košice - okolie
Petrikovce;Michalovce
Petrovany;Prešov
Petrovce nad Laborcom;Michalovce
Pichne;Snina
Píla;Žarnovica
Pitelová;Žiar nad Hronom
Plavecké Podhradie;Malacky
Plavnica;Stará Ľubovňa
Plevník - Drienové;Považská Bystrica
Pobedim;Nové Mesto nad Váhom
Podbiel;Tvrdošín
Podhorany;Nitra
Podhorie;Banská Štiavnica
Podhradie;Martin
Podkylava;Myjava
Podolínec;Stará Ľubovňa
Podvysoká;Čadca
Pohronská Polhora;Brezno
Poľanovce;Levoča
Polichno;Lučenec
Polomka;Brezno
Poniky;Banská Bystrica
Popudinské Močidľany;Skalica
Poruba;Prievidza
Porúbka;Humenné
Potok;Ružomberok
Pôtor;Veľký Krtíš
Povina;Kysucké Nové Mesto
Pozdišovce;Michalovce
Prašník;Piešťany
Práznovce;Topoľčany
Prenčov;Banská Štiavnica
Príbelce;Veľký Krtíš
Príbovce;Martin
Priepasné;Myjava
Prievidza;Prievidza
Prituľany;Humenné
Prosiek;Liptovský Mikuláš
Pružina;Považská Bystrica
Púchov;Púchov
Pusté Čemerné;Michalovce
Rabča;Námestovo
Radava;Nové Zámky
Radoľa;Kysucké Nové Mesto
Radošovce;Trnava
Radvanovce;Vranov nad Topľou
Rajec;Žilina
Rákoš;Košice - okolie
Rakovice;Piešťany
Rakúsy;Kežmarok
Rašice;Revúca
Ratková;Revúca
Ratkovská Suchá;Rimavská Sobota
Ražňany;Sabinov
Regetovka;Bardejov
Remetské Hámre;Sobrance
Rešica;Košice - okolie
Richnava;Gelnica
Rimavská Baňa;Rimavská Sobota
Rimavské Janovce;Rimavská Sobota
Rohov;Senica
Rokycany;Prešov
Rosina;Žilina
Rovinka;Senec
Rovné;Svidník
Rožňava;Rožňava
Rudina;Kysucké Nové Mesto
Rudná;Rožňava
Rudník;Košice - okolie
Rumince;Rimavská Sobota
Ruská Kajňa;Humenné
Ruská Voľa nad Popradom;Stará Ľubovňa
Ruskovce;Sobrance
Ružindol;Trnava
Rybník;Levice
Sačurov;Vranov nad Topľou
Šajdíkove Humence;Senica
Salka;Nové Zámky
Šamudovce;Michalovce
Šarbov;Svidník
Šarišské Čierne;Bardejov
Šarišské Sokolovce;Sabinov
Sása;Revúca
Šaštín - Stráže;Senica
Sebedín - Bečov;Banská Bystrica
Sečovce;Trebišov
Sedliská;Vranov nad Topľou
Seľany;Veľký Krtíš
Selec;Trenčín
Šemetkovce;Svidník
Seniakovce;Prešov
Senné;Michalovce
Šiba;Bardejov
Sihla;Brezno
Silica;Rožňava
Šindliar;Prešov
Širákov;Veľký Krtíš
Široké;Prešov
Skalica;Skalica
Skerešovo;Revúca
Sklené;Turčianske Teplice
Sládkovičovo;Galanta
Slanské Nové Mesto;Košice - okolie
Slatinka nad Bebravou;Bánovce nad Bebravou
Slavkovce;Michalovce
Sľažany;Zlaté Moravce
Slivník;Trebišov
Slovenská Kajňa;Vranov nad Topľou
Slovenská Volová;Humenné
Slovenské Nové Mesto;Trebišov
Šmigovec;Snina
Smolinské;Senica
Smrečany;Liptovský Mikuláš
Soblahov;Trenčín
Socovce;Martin
Sokolovce;Piešťany
Soľnička;Trebišov
Somotor;Trebišov
Špania Dolina;Banská Bystrica
Spišská Stará Ves;Kežmarok
Spišské Podhradie;Levoča
Spišský Hrušov;Spišská Nová Ves
Stakčín;Snina
Stankovce;Trebišov
Stará Huta;Detva
Stará Ľubovňa;Stará Ľubovňa
Staré;Michalovce
Starý Tekov;Levice
Stebník;Bardejov
Štefanovce;Prešov
Šterusy;Piešťany
Štitáre;Nitra
Stožok;Detva
Stránska;Rimavská Sobota
Strážne;Trebišov
Streda nad Bodrogom;Trebišov
Stretava;Michalovce
Štrkovec;Rimavská Sobota
Studenec;Levoča
Stupné;Považská Bystrica
Sučany;Martin
Sucháň;Veľký Krtíš
Sudince;Krupina
Šuľa;Veľký Krtíš
Šumiac;Brezno
Šurice;Lučenec
Šútovce;Prievidza
Svätoplukovo;Nitra
Svätý Jur;Pezinok
Švedlár;Gelnica
Svidnička;Svidník
Svinice;Trebišov
Švošov;Ružomberok
Tajná;Nitra
Tašuľa;Sobrance
Tekovská Breznica;Žarnovica
Telgárt;Brezno
Teplička nad Váhom;Žilina
Terchová;Žilina
Tesárske Mlyňany;Zlaté Moravce
Timoradza;Bánovce nad Bebravou
Točnica;Lučenec
Tomášovce;Lučenec
Topoľčany;Topoľčany
Topoľovka;Humenné
Torysky;Levoča
Trakovice;Hlohovec
Trebejov;Košice - okolie
Trebostovo;Martin
Trenčianska Turná;Trenčín
Trenčianske Stankovce;Trenčín
Trhovište;Michalovce
Trnávka;Dunajská Streda
Trnovec;Skalica
Trpín;Krupina
Trstené;Liptovský Mikuláš
Tuchyňa;Ilava
Tupá;Levice
Turček;Turčianske Teplice
Turčianske Kľačany;Martin
Turčok;Revúca
Turie;Žilina
Turová;Zvolen
Tužina;Prievidza
Tvrdošovce;Nové Zámky
Udiča;Považská Bystrica
Uhorská Ves;Liptovský Mikuláš
Úľany nad Žitavou;Nové Zámky
Uňatín;Krupina
Uzovce;Sabinov
Vaďovce;Nové Mesto nad Váhom
Valaliky;Košice - okolie
Valaškovce (vojenský obvod);Humenné
Valkovce;Svidník
Varadka;Bardejov
Vasiľov;Námestovo
Važec;Liptovský Mikuláš
Veľaty;Trebišov
Veľká Čausa;Prievidza
Veľká Hradná;Trenčín
Veľká Lodina;Košice - okolie
Veľká nad Ipľom;Lučenec
Veľká Ves nad Ipľom;Veľký Krtíš
Veľké Chlievany;Bánovce nad Bebravou
Veľké Dvorany;Topoľčany
Veľké Kosihy;Komárno
Veľké Leváre;Malacky
Veľké Ozorovce;Trebišov
Veľké Ripňany;Topoľčany
Veľké Teriakovce;Rimavská Sobota
Veľké Úľany;Galanta
Veľkrop;Stropkov
Veľký Cetín;Nitra
Veľký Horeš;Trebišov
Veľký Kýr;Nové Zámky
Veľký Meder;Dunajská Streda
Veľopolie;Humenné
Veterná Poruba;Liptovský Mikuláš
Vieska nad Blhom;Rimavská Sobota
Vikartovce;Poprad
Vinné;Michalovce
Virt;Komárno
Višňové;Nové Mesto nad Váhom
Vištuk;Pezinok
Vítkovce;Spišská Nová Ves
Vladiča;Stropkov
Vlkas;Nové Zámky
Vlkyňa;Rimavská Sobota
Vojka;Trebišov
Vojnatina;Sobrance
Volkovce;Zlaté Moravce
Vráble;Nitra
Vrbnica;Michalovce
Vrbové;Piešťany
Vršatské Podhradie;Ilava
Výčapy - Opatovce;Nitra
Vydrník;Poprad
Vyškovce nad Ipľom;Levice
Vyšná Jedľová;Svidník
Vyšná Pisaná;Svidník
Vyšná Sitnica;Humenné
Vyšné nad Hronom;Levice
Vyšné Ružbachy;Stará Ľubovňa
Vyšný Hrušov;Humenné
Vyšný Kručov;Bardejov
Vyšný Orlík;Svidník
Vyšný Žipov;Vranov nad Topľou
Vysoká nad Kysucou;Čadca
Zábiedovo;Tvrdošín
Záborské;Prešov
Záhor;Sobrance
Záhradné;Prešov
Žakovce;Kežmarok
Žalobín;Vranov nad Topľou
Záriečie;Púchov
Žaškov;Dolný Kubín
Závada;Humenné
Závadka nad Hronom;Brezno
Zázrivá;Dolný Kubín
Zboj;Snina
Zbrojníky;Levice
Zbyňov;Žilina
Žehra;Spišská Nová Ves
Želiezovce;Levice
Zemianska Olča;Komárno
Zemiansky Vrbovok;Krupina
Zemplínska Nová Ves;Trebišov
Zemplínske Hradište;Trebišov
Žiar;Liptovský Mikuláš
Žihárec;Šaľa
Žipov;Prešov
Žitná - Radiša;Bánovce nad Bebravou
Zlaté Klasy;Dunajská Streda
Zlatníky;Bánovce nad Bebravou
Žlkovce;Hlohovec
Zuberec;Tvrdošín
Župkov;Žarnovica
Abrahám;Galanta
Abranovce;Prešov
Andovce;Nové Zámky
Arnutovce;Spišská Nová Ves
Babiná;Zvolen
Bačka;Trebišov
Bacúrov;Zvolen
Báhoň;Pezinok
Bajerovce;Sabinov
Baláže;Banská Bystrica
Baňa;Stropkov
Bánovce nad Ondavou;Michalovce
Banské;Vranov nad Topľou
Bardejov;Bardejov
Baška;Košice - okolie
Batizovce;Poprad
Bátovce;Levice
Belá;Nové Zámky
Beladice;Zlaté Moravce
Belince;Topoľčany
Beluša;Púchov
Beňadovo;Námestovo
Benkovce;Vranov nad Topľou
Beša;Levice
Betlanovce;Spišská Nová Ves
Biel;Trebišov
Bílkove Humence;Senica
Biskupová;Topoľčany
Blatná Polianka;Sobrance
Blatnica;Martin
Blhovce;Rimavská Sobota
Bobrovec;Liptovský Mikuláš
Bodiná;Považská Bystrica
Bodza;Komárno
Bohdanovce nad Trnavou;Trnava
Bohúňovo;Rožňava
Boľ;Trebišov
Boliarov;Košice - okolie
Borcová;Turčianske Teplice
Borovce;Piešťany
Bory;Levice
Bottovo;Rimavská Sobota
Bratislava - Čunovo;Bratislava V
Bratislava - Jarovce;Bratislava V
Bratislava - Petržalka;Bratislava V
Bratislava - Ružinov;Bratislava II
Bratislava - Záhorská Bystrica;Bratislava IV
Brehy;Žarnovica
Brestov nad Laborcom;Medzilaborce
Bretejovce;Prešov
Brežany;Prešov
Breznička;Poltár
Brezov;Bardejov
Brezovica;Sabinov
Brieštie;Turčianske Teplice
Brusnica;Stropkov
Bruty;Nové Zámky
Bučany;Trnava
Budimír;Košice - okolie
Budkovce;Michalovce
Bukovce;Stropkov
Bulhary;Lučenec
Bušovce;Kežmarok
Bystrá;Brezno
Bystričany;Prievidza
Bzenica;Žiar nad Hronom
Bzovík;Krupina
Čabalovce;Medzilaborce
Čachtice;Nové Mesto nad Váhom
Čakajovce;Nitra
Čaklov;Vranov nad Topľou
Čaňa;Košice - okolie
Častkov;Senica
Čavoj;Prievidza
Čechy;Nové Zámky
Čeľadice;Nitra
Čelovce;Veľký Krtíš
Čereňany;Prievidza
Čermany;Topoľčany
Černochov;Trebišov
Červená Voda;Sabinov
Červeník;Hlohovec
České Brezovo;Poltár
Chlebnice;Dolný Kubín
Chmeľová;Bardejov
Chminianske Jakubovany;Prešov
Chorvátsky Grob;Senec
Chrabrany;Topoľčany
Chrastné;Košice - okolie
Chtelnica;Piešťany
Chvojnica;Prievidza
Čičava;Vranov nad Topľou
Čierna Lehota;Bánovce nad Bebravou
Čierne;Čadca
Čierny Balog;Brezno
Cífer;Trnava
Čiližská Radvaň;Dunajská Streda
Čirč;Stará Ľubovňa
Čremošné;Turčianske Teplice
Dačov Lom;Veľký Krtíš
Ďapalovce;Vranov nad Topľou
Dechtice;Trnava
Dedinky;Rožňava
Demjata;Prešov
Devičany;Levice
Diakovce;Šaľa
Divina;Žilina
Dlhá nad Oravou;Dolný Kubín
Dlhé nad Cirochou;Snina
Dlžín;Prievidza
Dobroč;Lučenec
Dohňany;Púchov
Dolinka;Veľký Krtíš
Dolná Mariková;Považská Bystrica
Dolná Streda;Galanta
Dolná Trnávka;Žiar nad Hronom
Dolné Kočkovce;Púchov
Dolné Naštice;Bánovce nad Bebravou
Dolné Plachtince;Veľký Krtíš
Dolné Strháre;Veľký Krtíš
Dolné Zelenice;Hlohovec
Dolný Harmanec;Banská Bystrica
Dolný Lieskov;Považská Bystrica
Dolný Štál;Dunajská Streda
Domaniža;Považská Bystrica
Drahňov;Michalovce
Dražkovce;Martin
Drienov;Prešov
Drietoma;Trenčín
Drženice;Levice
Dubnica nad Váhom;Ilava
Dubodiel;Trenčín
Dubovce;Skalica
Dubovica;Sabinov
Dúbravica;Banská Bystrica
Dudince;Krupina
Dulovce;Komárno
Dunajská Streda;Dunajská Streda
Ďurďoš;Vranov nad Topľou
Ďurková;Stará Ľubovňa
Dvorianky;Trebišov
Egreš;Trebišov
Fekišovce;Sobrance
Fiľakovské Kováče;Lučenec
Frička;Bardejov
Gabčíkovo;Dunajská Streda
Galovany;Liptovský Mikuláš
Gbelce;Nové Zámky
Gemer;Revúca
Gemerská Poloma;Rožňava
Gemerské Teplice;Revúca
Gerlachov;Bardejov
Girovce;Vranov nad Topľou
Golianovo;Nitra
Gregorova Vieska;Lučenec
Gyňov;Košice - okolie
Háj;Turčianske Teplice
Hájske;Šaľa
Haligovce;Stará Ľubovňa
Hanigovce;Sabinov
Hankovce;Bardejov
Harhaj;Bardejov
Hatné;Považská Bystrica
Hažín;Michalovce
Heľpa;Brezno
Hendrichovce;Prešov
Hertník;Bardejov
Hladovka;Tvrdošín
Hlinné;Vranov nad Topľou
Hnilčík;Spišská Nová Ves
Hodejov;Rimavská Sobota
Hokovce;Levice
Holice;Dunajská Streda
Hontianska Vrbica;Levice
Hontianske Trsťany;Levice
Horňa;Sobrance
Horná Lehota;Dolný Kubín
Horná Poruba;Ilava
Horná Strehová;Veľký Krtíš
Horná Ves;Žiar nad Hronom
Horné Dubové;Trnava
Horné Mýto;Dunajská Streda
Horné Otrokovce;Hlohovec
Horné Semerovce;Levice
Horné Trhovište;Hlohovec
Horné Zelenice;Hlohovec
Horný Kalník;Martin
Horný Vadičov;Kysucké Nové Mesto
Hostice;Rimavská Sobota
Hosťovce;Zlaté Moravce
Hrabičov;Žarnovica
Hrabovec;Bardejov
Hrabušice;Spišská Nová Ves
Hradište;Partizánske
Hraň;Trebišov
Hrašovík;Košice - okolie
Hričovské Podhradie;Žilina
Hrlica;Revúca
Hrochoť;Banská Bystrica
Hronsek;Banská Bystrica
Hronské Kosihy;Levice
Hrubov;Humenné
Hrušovany;Topoľčany
Hubina;Piešťany
Hucín;Revúca
Huncovce;Kežmarok
Husák;Sobrance
Hviezdoslavov;Dunajská Streda
Igram;Senec
Iliašovce;Spišská Nová Ves
Iňačovce;Michalovce
Ipeľský Sokolec;Levice
Ivanice;Rimavská Sobota
Iža;Komárno
Jablonec;Pezinok
Jablonov nad Turňou;Rožňava
Jacovce;Topoľčany
Jakubany;Stará Ľubovňa
Jakubovany;Sabinov
Jalovec;Liptovský Mikuláš
Jamník;Spišská Nová Ves
Jankovce;Humenné
Janovce;Bardejov
Jarabina;Stará Ľubovňa
Jasenie;Brezno
Jasenovce;Vranov nad Topľou
Jasov;Košice - okolie
Jastrabie pri Michalovciach;Michalovce
Jedľové Kostoľany;Zlaté Moravce
Jelšovce;Nitra
Jesenské;Rimavská Sobota
Jovice;Rožňava
Jurová;Dunajská Streda
Kajal;Galanta
Kalinkovo;Senec
Kalná Roztoka;Snina
Kaloša;Rimavská Sobota
Kameňany;Revúca
Kamenica nad Hronom;Nové Zámky
Kamenná Poruba;Žilina
Kamienka;Humenné
Kapišová;Svidník
Karlová;Martin
Kátov;Skalica
Kechnec;Košice - okolie
Kesovce;Rimavská Sobota
Kľačany;Hlohovec
Kľak;Žarnovica
Klčov;Levoča
Klenovec;Rimavská Sobota
Klížska Nemá;Komárno
Klubina;Čadca
Kmeťovo;Nové Zámky
Koceľovce;Rožňava
Kočín - Lančár;Piešťany
Kojšov;Gelnica
Kolačkov;Stará Ľubovňa
Kolárovo;Komárno
Kolíňany;Nitra
Komárany;Vranov nad Topľou
Komjatice;Nové Zámky
Konrádovce;Rimavská Sobota
Kopčany;Skalica
Kordíky;Banská Bystrica
Korunková;Stropkov
Košariská;Myjava
Košice - Barca;Košice IV
Košice - Kavečany;Košice I
Košice - Luník IX;Košice II
Košice - Poľov;Košice II
Košice - Sídlisko KVP;Košice II
Košice - Vyšné Opátske;Košice IV
Košické Oľšany;Košice - okolie
Koškovce;Humenné
Kostoľany nad Hornádom;Košice - okolie
Kostolná - Záriečie;Trenčín
Kostolné Kračany;Dunajská Streda
Kotrčiná Lúčka;Žilina
Koválov;Senica
Kozárovce;Levice
Kožuchovce;Stropkov
Krajná Poľana;Svidník
Krakovany;Piešťany
Kráľova Lehota;Liptovský Mikuláš
Kráľovce;Košice - okolie
Kraskovo;Rimavská Sobota
Krásno;Partizánske
Krásnovce;Michalovce
Kravany nad Dunajom;Komárno
Kremnické Bane;Žiar nad Hronom
Krivá;Dolný Kubín
Krivoklát;Ilava
Krížovany;Prešov
Krokava;Rimavská Sobota
Krtovce;Topoľčany
Krušinec;Stropkov
Kružná;Rožňava
Kuchyňa;Malacky
Kuková;Svidník
Kunova Teplica;Rožňava
Kurimka;Svidník
Kúty;Senica
Kvačany;Prešov
Kyjatice;Rimavská Sobota
Kyselica;Dunajská Streda
Láb;Malacky
Lada;Prešov
Ladomerská Vieska;Žiar nad Hronom
Lakšárska Nová Ves;Senica
Lastomír;Michalovce
Lažany;Prešov
Lednica;Púchov
Lehota;Nitra
Lehôtka pod Brehmi;Žiar nad Hronom
Lemešany;Prešov
Lenka;Rimavská Sobota
Lesíček;Prešov
Leštiny;Dolný Kubín
Levice;Levice
Libichava;Bánovce nad Bebravou
Lieskovany;Spišská Nová Ves
Liešťany;Prievidza
Likavka;Ružomberok
Lipníky;Prešov
Lipovce;Prešov
Lipovník;Topoľčany
Liptovská Lúžna;Ružomberok
Liptovská Štiavnica;Ružomberok
Liptovské Kľačany;Liptovský Mikuláš
Liptovský Hrádok;Liptovský Mikuláš
Liptovský Ondrej;Liptovský Mikuláš
Lišov;Krupina
Livinské Opatovce;Partizánske
Lok;Levice
Lomné;Stropkov
Lopúchov;Bardejov
Lovce;Zlaté Moravce
Lozorno;Malacky
Ľubica;Kežmarok
Ľubochňa;Ružomberok
Ľubotín;Stará Ľubovňa
Lučenec;Lučenec
Lúčka;Sabinov
Lúčky;Žiar nad Hronom
Ľudovítová;Nitra
Lukáčovce;Nitra
Lukov;Bardejov
Lupoč;Lučenec
Ľutov;Bánovce nad Bebravou
Lysá pod Makytou;Púchov
Mad;Dunajská Streda
Majere;Kežmarok
Malá Čalomija;Veľký Krtíš
Malá Franková;Kežmarok
Malá Lodina;Košice - okolie
Malá Tŕňa;Trebišov
Malatiná;Dolný Kubín
Malé Borové;Liptovský Mikuláš
Malé Kosihy;Nové Zámky
Malé Leváre;Malacky
Malé Ripňany;Topoľčany
Malé Vozokany;Zlaté Moravce
Malinová;Prievidza
Malý Cetín;Nitra
Malý Lapáš;Nitra
Malý Slivník;Prešov
Marcelová;Komárno
Markovce;Michalovce
Martin;Martin
Martovce;Komárno
Matiaška;Vranov nad Topľou
Matúškovo;Galanta
Medveďov;Dunajská Streda
Medzibrod;Banská Bystrica
Melek;Nitra
Merník;Vranov nad Topľou
Michajlov;Snina
Michalková;Zvolen
Mierovo;Dunajská Streda
Mikulášová;Bardejov
Miloslavov;Senec
Miroľa;Svidník
Mlynica;Poprad
Mníšek nad Popradom;Stará Ľubovňa
Modra;Pezinok
Modrovka;Nové Mesto nad Váhom
Mojtín;Púchov
Mokroluh;Bardejov
Moravany;Michalovce
Moškovec;Turčianske Teplice
Mostová;Galanta
Mrázovce;Stropkov
Muľa;Veľký Krtíš
Muránska Lehota;Revúca
Myjava;Myjava
Mýto pod Ďumbierom;Brezno
Naháč;Trnava
Nandraž;Revúca
Nedanovce;Partizánske
Nedožery - Brezany;Prievidza
Nemcovce;Bardejov
Nemešany;Levoča
Neporadza;Rimavská Sobota
Nevidzany;Prievidza
Nimnica;Púchov
Nitrianska Streda;Topoľčany
Nitrianske Sučany;Prievidza
Nižná Boca;Liptovský Mikuláš
Nižná Kamenica;Košice - okolie
Nižná Polianka;Bardejov
Nižná Voľa;Bardejov
Nižné Ružbachy;Stará Ľubovňa
Nižný Klátov;Košice - okolie
Nižný Mirošov;Svidník
Nižný Tvarožec;Bardejov
Nová Baňa;Žarnovica
Nová Dedina;Levice
Nová Lehota;Nové Mesto nad Váhom
Nová Polianka;Svidník
Nová Ves nad Žitavou;Nitra
Nové Hony;Lučenec
Novosad;Trebišov
Nový Svet;Senec
Obeckov;Veľký Krtíš
Obručné;Stará Ľubovňa
Očkov;Nové Mesto nad Váhom
Ohradzany;Humenné
Okružná;Prešov
Olešná;Čadca
Oľšavica;Levoča
Oľšov;Sabinov
Ondavka;Bardejov
Ondrejovce;Levice
Opatovská Nová Ves;Veľký Krtíš
Oponice;Topoľčany
Oravská Lesná;Námestovo
Oravský Biely Potok;Tvrdošín
Orechová Potôň;Dunajská Streda
Orlov;Stará Ľubovňa
Osadné;Snina
Osrblie;Brezno
Ostrov;Sobrance
Osuské;Senica
Ovčie;Prešov
Padáň;Dunajská Streda
Palín;Michalovce
Paňovce;Košice - okolie
Parihuzovce;Snina
Pašková;Rožňava
Pata;Galanta
Pavľany;Levoča
Pavlovce;Rimavská Sobota
Pčoliné;Snina
Pečovská Nová Ves;Sabinov
Petkovce;Vranov nad Topľou
Petrova Ves;Skalica
Petrovce;Sobrance
Pezinok;Pezinok
Píla;Lučenec
Piskorovce;Vranov nad Topľou
Plaveč;Stará Ľubovňa
Plavecký Štvrtok;Malacky
Plešivec;Rožňava
Ploské;Košice - okolie
Počúvadlo;Banská Štiavnica
Podhájska;Nové Zámky
Podhorie;Žilina
Podhradie;Topoľčany
Podkriváň;Detva
Podolie;Nové Mesto nad Váhom
Podtureň;Liptovský Mikuláš
Pohranice;Nitra
Pokryváč;Dolný Kubín
Polianka;Myjava
Poloma;Sabinov
Pongrácovce;Levoča
Poproč;Košice - okolie
Porostov;Sobrance
Porúbka;Bardejov
Potôčky;Stropkov
Potônske Lúky;Dunajská Streda
Považská Bystrica;Považská Bystrica
Pozba;Nové Zámky
Prašice;Topoľčany
Pravotice;Bánovce nad Bebravou
Predmier;Bytča
Prestavlky;Žiar nad Hronom
Pribiš;Dolný Kubín
Priekopa;Sobrance
Prievaly;Senica
Príslop;Snina
Prosačov;Vranov nad Topľou
Prusy;Bánovce nad Bebravou
Ptrukša;Michalovce
Pušovce;Prešov
Pusté Úľany;Galanta
Radatice;Prešov
Radobica;Prievidza
Radošovce;Skalica
Radvaň nad Laborcom;Medzilaborce
Rajčany;Topoľčany
Rákoš;Revúca
Rakovec nad Ondavou;Michalovce
Rakša;Turčianske Teplice
Rapovce;Lučenec
Ratka;Lučenec
Ratkovská Lehota;Rimavská Sobota
Ratvaj;Sabinov
Reca;Senec
Remeniny;Vranov nad Topľou
Repište;Žiar nad Hronom
Revúcka Lehota;Revúca
Riečka;Rimavská Sobota
Rimavské Brezovo;Rimavská Sobota
Rochovce;Rožňava
Rohožník;Humenné
Rokytovce;Medzilaborce
Rovensko;Senica
Rovné;Humenné
Rozložná;Rožňava
Rúbaň;Nové Zámky
Rudlov;Vranov nad Topľou
Rudník;Myjava
Rumanová;Nitra
Ruská Bystrá;Sobrance
Ruská Voľa;Vranov nad Topľou
Ruskovce;Bánovce nad Bebravou
Ružiná;Lučenec
Rybky;Senica
Sabinov;Sabinov
Šahy;Levice
Šalgovce;Topoľčany
Šamorín;Dunajská Streda
Sap;Dunajská Streda
Šarišské Bohdanovce;Prešov
Šarišské Michaľany;Sabinov
Šarovce;Levice
Šašová;Bardejov
Sebechleby;Krupina
Sečianky;Veľký Krtíš
Sedlice;Prešov
Sekule;Senica
Selce;Poltár
Semerovo;Nové Zámky
Senec;Senec
Senné;Veľký Krtíš
Šiatorská Bukovinka;Lučenec
Sihelné;Námestovo
Siladice;Hlohovec
Šimonovce;Rimavská Sobota
Šípkové;Piešťany
Sirník;Trebišov
Skačany;Partizánske
Skároš;Košice - okolie
Sklabinský Podzámok;Martin
Skýcov;Zlaté Moravce
Slanská Huta;Košice - okolie
Slatina nad Bebravou;Bánovce nad Bebravou
Slavec;Rožňava
Slavošovce;Rožňava
Sliepkovce;Michalovce
Slovany;Martin
Slovenská Ves;Kežmarok
Slovenské Krivé;Humenné
Slovinky;Spišská Nová Ves
Smolenice;Trnava
Smrdáky;Senica
Snina;Snina
Sobrance;Sobrance
Sokolce;Komárno
Solčianky;Topoľčany
Šoltýska;Poltár
Špačince;Trnava
Spišská Nová Ves;Spišská Nová Ves
Spišské Hanušovce;Kežmarok
Spišský Hrhov;Levoča
Šrobárová;Komárno
Stankovany;Ružomberok
Stará Halič;Lučenec
Stará Lesná;Kežmarok
Stará Voda;Gelnica
Starý Hrádok;Levice
Stebnícka Huta;Bardejov
Štefanová;Pezinok
Štefurov;Svidník
Štiavnik;Bytča
Štós;Košice - okolie
Stráne pod Tatrami;Kežmarok
Stráža;Žilina
Strečno;Žilina
Strelníky;Banská Bystrica
Strihovce;Snina
Studená;Rimavská Sobota
Stupava;Malacky
Štvrtok na Ostrove;Dunajská Streda
Suchá nad Parnou;Trnava
Suchohrad;Malacky
Sukov;Medzilaborce
Súlovce;Topoľčany
Šurianky;Nitra
Sútor;Rimavská Sobota
Svätá Mária;Trebišov
Svätý Anton;Banská Štiavnica
Svederník;Žilina
Svetlice;Medzilaborce
Svinica;Košice - okolie
Svodín;Nové Zámky
Tachty;Rimavská Sobota
Tarnov;Bardejov
Tekolďany;Hlohovec
Tekovský Hrádok;Levice
Teplička;Spišská Nová Ves
Terany;Krupina
Tesáre;Topoľčany
Tichý Potok;Sabinov
Tlmače;Levice
Tomášov;Senec
Topoľa;Snina
Topoľníky;Dunajská Streda
Torysa;Sabinov
Tovarníky;Topoľčany
Trebatice;Piešťany
Trebišov;Trebišov
Trenčianska Teplá;Trenčín
Trenčianske Mitice;Trenčín
Trhová Hradská;Dunajská Streda
Trnava pri Laborci;Michalovce
Trnkov;Prešov
Tročany;Bardejov
Trstená na Ostrove;Dunajská Streda
Trstín;Trnava
Tulčík;Prešov
Turany nad Ondavou;Stropkov
Turčianske Jaseno;Martin
Turčiansky Peter;Martin
Tureň;Senec
Turnianska Nová Ves;Košice - okolie
Tušická Nová Ves;Michalovce
Tvrdošín;Tvrdošín
Udavské;Humenné
Úhorná;Gelnica
Uhrovské Podhradie;Bánovce nad Bebravou
Uloža;Levoča
Utekáč;Poltár
Uzovský Šalgov;Sabinov
Vajkovce;Košice - okolie
Valaská Dubová;Ružomberok
Valice;Rimavská Sobota
Vápeník;Svidník
Varín;Žilina
Vavrišovo;Liptovský Mikuláš
Vechec;Vranov nad Topľou
Veľká Čalomija;Veľký Krtíš
Veľká Franková;Kežmarok
Veľká Lesná;Stará Ľubovňa
Veľká Mača;Galanta
Veľká Ves;Poltár
Veľké Borové;Liptovský Mikuláš
Veľké Držkovce;Bánovce nad Bebravou
Veľké Kapušany;Michalovce
Veľké Kršteňany;Partizánske
Veľké Orvište;Piešťany
Veľké Revištia;Sobrance
Veľké Straciny;Veľký Krtíš
Veľké Uherce;Partizánske
Veľké Zlievce;Veľký Krtíš
Veľký Čepčín;Turčianske Teplice
Veľký Grob;Galanta
Veľký Krtíš;Veľký Krtíš
Veľký Lom;Veľký Krtíš
Veľký Slivník;Prešov
Veselé;Piešťany
Vieska;Veľký Krtíš
Vígľašská Huta - Kalinka;Detva
Viničné;Pezinok
Vinosady;Pezinok
Višňov;Trebišov
Visolaje;Púchov
Víťazovce;Humenné
Vlachy;Liptovský Mikuláš
Vlkanová;Banská Bystrica
Vlky;Senec
Vojčice;Trebišov
Vojňany;Kežmarok
Volica;Medzilaborce
Vozokany;Topoľčany
Vranov nad Topľou;Vranov nad Topľou
Vrbovce;Myjava
Vrícko;Martin
Výborná;Kežmarok
Vydrná;Púchov
Vyškovce;Stropkov
Vyšná Jablonka;Humenné
Vyšná Olšava;Stropkov
Vyšná Šebastová;Prešov
Vyšné Ladičkovce;Humenné
Vyšné Repaše;Levoča
Vyšný Hrabovec;Stropkov
Vyšný Komárnik;Svidník
Vyšný Mirošov;Svidník
Vyšný Tvarožec;Bardejov
Vysoká;Sabinov
Vysoké Tatry;Poprad
Záborie;Martin
Zádor;Rimavská Sobota
Záhorská Ves;Malacky
Zákopčie;Čadca
Zálesie;Kežmarok
Zámutov;Vranov nad Topľou
Záskalie;Považská Bystrica
Závada;Veľký Krtíš
Závadka;Michalovce
Závod;Malacky
Žbince;Michalovce
Zborov nad Bystricou;Čadca
Zbudza;Michalovce
Žehňa;Prešov
Železník;Svidník
Žemberovce;Levice
Zemianske Sady;Galanta
Zemplín;Trebišov
Zemplínske Hámre;Snina
Zemplínsky Branč;Trebišov
Žibritov;Krupina
Žíp;Rimavská Sobota
Žitavce;Nitra
Zlaté;Bardejov
Zlatník;Vranov nad Topľou
Zliechov;Ilava
Zubák;Púchov
Župčany;Prešov
Zvončín;Trnava
Abovce;Rimavská Sobota
Abramová;Turčianske Teplice
Alekšince;Nitra
Ardovo;Rožňava
Babín;Námestovo
Báč;Dunajská Streda
Bacúch;Brezno
Badín;Banská Bystrica
Bajerov;Prešov
Baka;Dunajská Streda
Baloň;Dunajská Streda
Bánovce nad Bebravou;Bánovce nad Bebravou
Banská Štiavnica;Banská Štiavnica
Barca;Rimavská Sobota
Bartošovce;Bardejov
Bašovce;Piešťany
Bátorove Kosihy;Komárno
Beharovce;Levoča
Belá nad Cirochou;Snina
Belina;Lučenec
Beluj;Banská Štiavnica
Beňadikovce;Svidník
Benice;Martin
Bertotovce;Prešov
Bešeňová;Ružomberok
Bidovce;Košice - okolie
Bijacovce;Levoča
Biskupice;Lučenec
Blatná na Ostrove;Dunajská Streda
Blatné Revištia;Sobrance
Blesovce;Topoľčany
Bobrovček;Liptovský Mikuláš
Bodíky;Dunajská Streda
Bodružal;Svidník
Bohdanovce;Košice - okolie
Bohunice;Levice
Bojničky;Hlohovec
Bolešov;Ilava
Borčice;Ilava
Borová;Trnava
Borský Svätý Jur;Senica
Boťany;Trebišov
Branovo;Nové Zámky
Bratislava - Dúbravka;Bratislava IV
Bratislava - Nové Mesto;Bratislava III
Bratislava - Rusovce;Bratislava V
Bratislava - Vrakuňa;Bratislava II
Brehov;Trebišov
Brestov;Prešov
Brestovec;Komárno
Brezany;Žilina
Breznica;Stropkov
Brezolupy;Bánovce nad Bebravou
Brezovica;Tvrdošín
Brhlovce;Levice
Brunovce;Nové Mesto nad Váhom
Brutovce;Levoča
Búč;Komárno
Budikovany;Rimavská Sobota
Budiš;Turčianske Teplice
Buková;Trnava
Bukovina;Liptovský Mikuláš
Bušince;Veľký Krtíš
Byšta;Trebišov
Bystré;Vranov nad Topľou
Bžany;Stropkov
Bziny;Dolný Kubín
Cabaj - Čápor;Nitra
Čabradský Vrbovok;Krupina
Čaka;Levice
Čakany;Dunajská Streda
Čamovce;Lučenec
Častá;Pezinok
Čataj;Senec
Čečejovce;Košice - okolie
Čekovce;Krupina
Čelkova Lehota;Považská Bystrica
Čenkovce;Dunajská Streda
Čerín;Banská Bystrica
Cernina;Svidník
Čertižné;Medzilaborce
Červenica pri Sabinove;Sabinov
Červený Kláštor;Kežmarok
Chľaba;Nové Zámky
Chmeľov;Prešov
Chminianska Nová Ves;Prešov
Choňkovce;Sobrance
Chotín;Komárno
Chrastince;Veľký Krtíš
Chrťany;Veľký Krtíš
Chvojnica;Myjava
Čičarovce;Michalovce
Čierna;Trebišov
Čierna Voda;Galanta
Čierne Pole;Michalovce
Čifáre;Nitra
Cigla;Svidník
Cinobaňa;Poltár
Čoltovo;Rožňava
Ďačov;Sabinov
Ďanová;Martin
Debraď;Košice - okolie
Dedinka;Nové Zámky
Demänovská Dolina;Liptovský Mikuláš
Detvianska Huta;Detva
Diaková;Martin
Divín;Lučenec
Dlhá nad Kysucou;Čadca
Dlhé Klčovo;Vranov nad Topľou
Dlhoňa;Svidník
Dobrá Voda;Trnava
Dobšiná;Rožňava
Doľany;Levoča
Dolná Lehota;Brezno
Dolná Seč;Levice
Dolná Tižina;Žilina
Dolné Dubové;Trnava
Dolné Mladonice;Krupina
Dolné Otrokovce;Hlohovec
Dolné Srnie;Nové Mesto nad Váhom
Dolné Zahorany;Rimavská Sobota
Dolný Chotár;Galanta
Dolný Kubín;Dolný Kubín
Dolný Pial;Levice
Domaníky;Krupina
Drábsko;Brezno
Dražice;Rimavská Sobota
Drienica;Sabinov
Drienovská Nová Ves;Prešov
Družstevná pri Hornáde;Košice - okolie
Dubinné;Bardejov
Dubno;Rimavská Sobota
Dubovany;Piešťany
Dubovec;Rimavská Sobota
Dúbrava;Snina
Ducové;Piešťany
Dulova Ves;Prešov
Dunajská Lužná;Senec
Ďurčiná;Žilina
Ďurkov;Košice - okolie
Dvorec;Bánovce nad Bebravou
Dvory nad Žitavou;Nové Zámky
Farná;Levice
Fiľakovo;Lučenec
Forbasy;Stará Ľubovňa
Fulianka;Prešov
Galanta;Galanta
Gbeľany;Žilina
Gelnica;Gelnica
Gemerská Panica;Rožňava
Gemerské Michalovce;Rimavská Sobota
Geraltov;Prešov
Giraltovce;Svidník
Gočovo;Rožňava
Granč - Petrovce;Levoča
Gruzovce;Humenné
Hačava;Košice - okolie
Hajnáčka;Rimavská Sobota
Halič;Lučenec
Handlová;Prievidza
Hanková;Rožňava
Harakovce;Levoča
Hatalov;Michalovce
Havranec;Svidník
Helcmanovce;Gelnica
Hencovce;Vranov nad Topľou
Hermanovce nad Topľou;Vranov nad Topľou
Hincovce;Spišská Nová Ves
Hliník nad Hronom;Žiar nad Hronom
Hniezdne;Stará Ľubovňa
Hnúšťa;Rimavská Sobota
Hodruša - Hámre;Žarnovica
Holíč;Skalica
Honce;Rožňava
Hontianske Tesáre;Krupina
Hôrky;Žilina
Horná Krupá;Trnava
Horná Mičiná;Banská Bystrica
Horná Streda;Nové Mesto nad Váhom
Horná Ves;Prievidza
Horné Chlebany;Topoľčany
Horné Mladonice;Krupina
Horné Orešany;Trnava
Horné Saliby;Galanta
Horné Strháre;Veľký Krtíš
Horné Zahorany;Rimavská Sobota
Horný Hričov;Žilina
Horný Tisovník;Detva
Hoste;Galanta
Hosťová;Nitra
Hozelec;Poprad
Hrabovčík;Svidník
Hrabské;Bardejov
Hradisko;Kežmarok
Hrádok;Nové Mesto nad Váhom
Hrašné;Myjava
Hriadky;Trebišov
Hrkovce;Levice
Hrnčiarske Zalužany;Poltár
Hronovce;Levice
Hronské Kľačany;Levice
Hruboňovo;Nitra
Hrušov;Rožňava
Hubice;Dunajská Streda
Hubovo;Rimavská Sobota
Humenné;Humenné
Hurbanovo;Komárno
Huty;Liptovský Mikuláš
Hýľov;Košice - okolie
Ilava;Ilava
Iňa;Levice
Ipeľské Úľany;Levice
Ivančiná;Turčianske Teplice
Ivanovce;Trenčín
Jabloň;Humenné
Jablonov;Levoča
Jablonové;Bytča
Jakovany;Sabinov
Jakubovany;Liptovský Mikuláš
Jalovec;Prievidza
Jamník;Liptovský Mikuláš
Janíky;Dunajská Streda
Jánovce;Galanta
Jarabá;Brezno
Jasenica;Považská Bystrica
Jasenová;Dolný Kubín
Jaslovské Bohunice;Trnava
Jastrabie nad Topľou;Vranov nad Topľou
Jedlinka;Bardejov
Jelšava;Revúca
Jesenské;Levice
Jezersko;Kežmarok
Jurkova Voľa;Svidník
Kačanov;Michalovce
Kaľava;Spišská Nová Ves
Kalná nad Hronom;Levice
Kalonda;Lučenec
Kamanová;Topoľčany
Kamenica nad Cirochou;Humenné
Kamenín;Nové Zámky
Kamenný Most;Nové Zámky
Kapince;Nitra
Kapušianske Kľačany;Michalovce
Kátlovce;Trnava
Kecerovský Lipovec;Košice - okolie
Kendice;Prešov
Kiarov;Veľký Krtíš
Kladzany;Vranov nad Topľou
Klátova Nová Ves;Partizánske
Klenová;Snina
Klin nad Bodrogom;Trebišov
Klokočov;Michalovce
Kľušov;Bardejov
Kobyly;Bardejov
Kociha;Rimavská Sobota
Kojatice;Prešov
Kokšov - Bakša;Košice - okolie
Kolárovice;Bytča
Kolibabovce;Sobrance
Kolta;Nové Zámky
Komárovce;Košice - okolie
Koniarovce;Topoľčany
Koňuš;Sobrance
Koprivnica;Bardejov
Koromľa;Sobrance
Koš;Prievidza
Košecké Podhradie;Ilava
Košice - Juh;Košice IV
Košice - Lorinčík;Košice II
Košice - Pereš;Košice II
Košice - Sever;Košice I
Košice - Ťahanovce;Košice I
Košická Polianka;Košice - okolie
Kosihy nad Ipľom;Veľký Krtíš
Košťany nad Turcom;Martin
Kostolište;Malacky
Kostolné;Myjava
Kotmanová;Lučenec
Kováčovce;Veľký Krtíš
Kožany;Bardejov
Kožuchov;Trebišov
Krajná Bystrá;Svidník
Krajné Čierno;Svidník
Kráľov Brod;Galanta
Kraľovany;Dolný Kubín
Kráľovský Chlmec;Trebišov
Krasňany;Žilina
Krásnohorské Podhradie;Rožňava
Kravany;Trebišov
Kremnica;Žiar nad Hronom
Kristy;Sobrance
Krivé;Bardejov
Krížová Ves;Kežmarok
Krnča;Topoľčany
Krškany;Levice
Krušetnica;Námestovo
Kružlová;Svidník
Kubáňovo;Levice
Kuklov;Senica
Kunešov;Žiar nad Hronom
Kurimany;Levoča
Kútniky;Dunajská Streda
Kvačany;Liptovský Mikuláš
Kvetoslavov;Dunajská Streda
Kysak;Košice - okolie
Kysucký Lieskovec;Kysucké Nové Mesto
Lackovce;Humenné
Ladmovce;Trebišov
Ladzany;Krupina
Laškovce;Michalovce
Lazany;Prievidza
Lechnica;Kežmarok
Lehnice;Dunajská Streda
Lehôtka;Lučenec
Leles;Trebišov
Lendak;Kežmarok
Lesenice;Veľký Krtíš
Lešť (vojenský obvod);Zvolen
Leváre;Revúca
Ležiachov;Martin
Liesek;Tvrdošín
Liešno;Turčianske Teplice
Lietavská Svinná - Babkov;Žilina
Lipník;Prievidza
Lipovany;Lučenec
Lipovec;Rimavská Sobota
Liptovská Kokava;Liptovský Mikuláš
Liptovská Sielnica;Liptovský Mikuláš
Liptovské Beharovce;Liptovský Mikuláš
Liptovské Sliače;Ružomberok
Liptovský Mikuláš;Liptovský Mikuláš
Lisková;Ružomberok
Livina;Partizánske
Lodno;Kysucké Nové Mesto
Lomná;Námestovo
Lopašov;Skalica
Lovča;Žiar nad Hronom
Ložín;Michalovce
Lubeník;Revúca
Ľubiša;Humenné
Ľubotice;Prešov
Lučatín;Banská Bystrica
Lúčka;Levoča
Lúčky;Ružomberok
Ludanice;Topoľčany
Lúka;Nové Mesto nad Váhom
Lukavica;Bardejov
Lula;Levice
Lutiše;Žilina
Lužianky;Nitra
Macov;Dunajská Streda
Majcichov;Trnava
Makovce;Stropkov
Malá Domaša;Vranov nad Topľou
Malá Lehota;Žarnovica
Malá Poľana;Stropkov
Málaš;Levice
Malcov;Bardejov
Malé Hoste;Bánovce nad Bebravou
Malé Lednice;Považská Bystrica
Malé Raškovce;Michalovce
Malé Uherce;Partizánske
Málinec;Poltár
Malý Čepčín;Turčianske Teplice
Malý Krtíš;Veľký Krtíš
Malý Slavkov;Kežmarok
Mankovce;Zlaté Moravce
Marianka;Malacky
Maršová - Rašov;Bytča
Martinová;Rimavská Sobota
Matejovce nad Hornádom;Spišská Nová Ves
Maťovské Vojkovce;Michalovce
Medvedie;Svidník
Medzianky;Vranov nad Topľou
Melčice - Lieskové;Trenčín
Merašice;Hlohovec
Mičakovce;Svidník
Michaľany;Trebišov
Michalovce;Michalovce
Miková;Stropkov
Milhosť;Košice - okolie
Mirkovce;Prešov
Mlynčeky;Kežmarok
Mníšek nad Hnilcom;Gelnica
Močiar;Banská Štiavnica
Modrová;Nové Mesto nad Váhom
Mojš;Žilina
Mokrance;Košice - okolie
Moldava nad Bodvou;Košice - okolie
Moravský Svätý Ján;Senica
Moštenica;Banská Bystrica
Motyčky;Banská Bystrica
Mudrovce;Košice - okolie
Muránska Huta;Revúca
Mužla;Nové Zámky
Mýtne Ludany;Levice
Ňagov;Medzilaborce
Nána;Nové Zámky
Necpaly;Martin
Nededza;Žilina
Nemčiňany;Zlaté Moravce
Nemečky;Topoľčany
Neporadza;Trenčín
Neverice;Zlaté Moravce
Nezbudská Lúčka;Žilina
Nitrianska Blatnica;Topoľčany
Nitrianske Rudno;Prievidza
Nižná;Tvrdošín
Nižná Jedľová;Svidník
Nižná Pisaná;Svidník
Nižná Slaná;Rožňava
Nižné Repaše;Levoča
Nižný Hrušov;Vranov nad Topľou
Nižný Lánec;Košice - okolie
Nižný Slavkov;Sabinov
Norovce;Topoľčany
Nová Bystrica;Čadca
Nová Kelča;Vranov nad Topľou
Nová Polhora;Košice - okolie
Nová Ves nad Váhom;Nové Mesto nad Váhom
Nováky;Prievidza
Nové Zámky;Nové Zámky
Nový Salaš;Košice - okolie
Nýrovce;Levice
Oborín;Michalovce
Ochtiná;Rožňava
Ohrady;Dunajská Streda
Okrúhle;Svidník
Olejníkov;Sabinov
Oľšavce;Bardejov
Oľšinkov;Medzilaborce
Omšenie;Trenčín
Ondrašovce;Prešov
Opatovce nad Nitrou;Prievidza
Opoj;Trnava
Oravská Jasenica;Námestovo
Oravské Veselé;Námestovo
Orechová;Sobrance
Oreské;Michalovce
Osádka;Dolný Kubín
Oslany;Prievidza
Ostrov;Piešťany
Osturňa;Kežmarok
Ovčiarsko;Žilina
Pača;Rožňava
Palárikovo;Nové Zámky
Panické Dravce;Lučenec
Parchovany;Trebišov
Partizánske;Partizánske
Pastuchov;Hlohovec
Pavčina Lehota;Liptovský Mikuláš
Pavlova Ves;Liptovský Mikuláš
Pažiť;Partizánske
Pečenice;Levice
Pernek;Malacky
Petrova Lehota;Trenčín
Petrovce;Vranov nad Topľou
Petrovo;Rožňava
Píla;Pezinok
Pinkovce;Sobrance
Plavé Vozokany;Levice
Plavecký Peter;Senica
Pleš;Lučenec
Ploské;Revúca
Pochabany;Bánovce nad Bebravou
Podbrezová;Brezno
Podhorany;Prešov
Podhradie;Prievidza
Podkonice;Banská Bystrica
Podlužany;Levice
Podskalie;Považská Bystrica
Pohorelá;Brezno
Pohronský Ruskov;Levice
Poliakovce;Bardejov
Poľný Kesov;Nitra
Poluvsie;Prievidza
Poproč;Rimavská Sobota
Poriadie;Myjava
Porúbka;Žilina
Poša;Vranov nad Topľou
Potoky;Stropkov
Považany;Nové Mesto nad Váhom
Povrazník;Banská Bystrica
Prakovce;Gelnica
Pravica;Veľký Krtíš
Predajná;Brezno
Prešov;Prešov
Pribeta;Komárno
Priechod;Banská Bystrica
Prietržka;Skalica
Príkra;Svidník
Prochot;Žiar nad Hronom
Pruské;Ilava
Ptičie;Humenné
Pukanec;Levice
Pusté Sady;Galanta
Rad;Trebišov
Radnovce;Rimavská Sobota
Radošina;Topoľčany
Radvaň nad Dunajom;Komárno
Rafajovce;Vranov nad Topľou
Rajecké Teplice;Žilina
Rakovčík;Svidník
Rakovo;Martin
Rankovce;Košice - okolie
Rastislavice;Nové Zámky
Ratkovo;Martin
Ratnovce;Piešťany
Ráztoka;Brezno
Reľov;Kežmarok
Repejov;Medzilaborce
Revúca;Revúca
Riečka;Banská Bystrica
Rimavská Sobota;Rimavská Sobota
Rišňovce;Nitra
Rohožník;Malacky
Rokytov pri Humennom;Humenné
Roštár;Rožňava
Rovné;Rimavská Sobota
Rožkovany;Sabinov
Roztoky;Svidník
Rudinská;Kysucké Nové Mesto
Rudnianska Lehota;Prievidza
Rudno nad Hronom;Žarnovica
Ruská;Michalovce
Ruská Poruba;Humenné
Ruskov;Košice - okolie
Ruský Potok;Snina
Rybany;Bánovce nad Bebravou
Rykynčice;Krupina
Sady nad Torysou;Košice - okolie
Šalgočka;Galanta
Šambron;Stará Ľubovňa
Santovka;Levice
Šarišská Trstená;Prešov
Šarišské Jastrabie;Stará Ľubovňa
Šarkan;Nové Zámky
Sasinkovo;Hlohovec
Sazdice;Levice
Seč;Prievidza
Sedliacka Dubová;Dolný Kubín
Sejkov;Sobrance
Selce;Krupina
Šelpice;Trnava
Seňa;Košice - okolie
Šenkvice;Pezinok
Sereď;Galanta
Sielnica;Zvolen
Sikenička;Nové Zámky
Silická Jablonica;Rožňava
Šípkov;Bánovce nad Bebravou
Širkovce;Rimavská Sobota
Šivetice;Revúca
Skalka nad Váhom;Trenčín
Sklabiná;Veľký Krtíš
Skrabské;Vranov nad Topľou
Slanec;Košice - okolie
Slatina;Levice
Slatvina;Spišská Nová Ves
Slavoška;Rožňava
Sliač;Zvolen
Slopná;Považská Bystrica
Slovenská Nová Ves;Trnava
Slovenské Kľačany;Veľký Krtíš
Slovenský Grob;Pezinok
Smižany;Spišská Nová Ves
Smolník;Gelnica
Snežnica;Kysucké Nové Mesto
Sobotište;Senica
Sokoľany;Košice - okolie
Solčany;Topoľčany
Sološnica;Malacky
Šoporňa;Galanta
Spišská Belá;Kežmarok
Spišské Bystré;Poprad
Spišské Vlachy;Spišská Nová Ves
Spišský Štvrtok;Levoča
Stanča;Trebišov
Stará Bystrica;Čadca
Stará Lehota;Nové Mesto nad Váhom
Stará Turá;Nové Mesto nad Váhom
Starina;Stará Ľubovňa
Staškovce;Stropkov
Štefanov nad Oravou;Tvrdošín
Štefanovičová;Nitra
Štiavnické Bane;Banská Štiavnica
Štôla;Poprad
Stráňavy;Žilina
Stratená;Rožňava
Štrba;Poprad
Strekov;Nové Zámky
Streženice;Púchov
Stropkov;Stropkov
Stuľany;Bardejov
Štvrtok;Trenčín
Suchá Hora;Tvrdošín
Suché Brezovo;Veľký Krtíš
Šuja;Žilina
Súľov - Hradná;Bytča
Šurany;Nové Zámky
Sušany;Poltár
Švábovce;Poprad
Svätuše;Trebišov
Svätý Peter;Komárno
Sveržov;Bardejov
Svinia;Prešov
Svit;Poprad
Svrčinovec;Čadca
Ťapešovo;Námestovo
Tehla;Levice
Tekovské Nemce;Zlaté Moravce
Temeš;Prievidza
Teplý Vrch;Rimavská Sobota
Terňa;Prešov
Tibava;Sobrance
Tisovec;Rimavská Sobota
Tomášikovo;Galanta
Tôň;Komárno
Topoľnica;Galanta
Tornaľa;Revúca
Tovarnianska Polianka;Vranov nad Topľou
Trávnik;Komárno
Trebichava;Bánovce nad Bebravou
Trenč;Lučenec
Trenčianske Jastrabie;Trenčín
Trenčín;Trenčín
Trnavá Hora;Žiar nad Hronom
Tŕnie;Zvolen
Trnovo;Martin
Trstená;Tvrdošín
Trstice;Galanta
Tuhrina;Prešov
Turany;Martin
Turčianska Štiavnička;Martin
Turčiansky Ďur;Martin
Turecká;Banská Bystrica
Turňa nad Bodvou;Košice - okolie
Tušice;Michalovce
Tvrdomestice;Topoľčany
Úbrež;Sobrance
Uhliská;Levice
Uhrovec;Bánovce nad Bebravou
Uličské Krivé;Snina
Urmince;Topoľčany
Uzovské Pekľany;Sabinov
Váhovce;Galanta
Valaská Belá;Prievidza
Valentovce;Medzilaborce
Vaniškovce;Bardejov
Varhaňovce;Prešov
Vavrinec;Vranov nad Topľou
Večelkov;Rimavská Sobota
Veličná;Dolný Kubín
Veľká Dolina;Nitra
Veľká Lehota;Žarnovica
Veľká Lúka;Zvolen
Veľká Tŕňa;Trebišov
Veľké Blahovo;Dunajská Streda
Veľké Dravce;Lučenec
Veľké Hoste;Bánovce nad Bebravou
Veľké Kozmálovce;Levice
Veľké Ludince;Levice
Veľké Raškovce;Michalovce
Veľké Slemence;Michalovce
Veľké Turovce;Levice
Veľké Zálužie;Nitra
Veľký Blh;Rimavská Sobota
Veľký Folkmar;Gelnica
Veľký Klíž;Partizánske
Veľký Lipník;Stará Ľubovňa
Veľký Slavkov;Poprad
Vernár;Poprad
Vieska;Dunajská Streda
Vígľaš;Detva
Viničky;Trebišov
Vinohrady nad Váhom;Galanta
Vislava;Stropkov
Višňové;Revúca
Víťaz;Prešov
Vlachovo;Rožňava
Vlčkovce;Trnava
Vlkovce;Kežmarok
Vojany;Michalovce
Vojkovce;Spišská Nová Ves
Voľa;Michalovce
Vozokany;Galanta
Vrakúň;Dunajská Streda
Vrbová nad Váhom;Komárno
Vrchteplá;Považská Bystrica
Vtáčkovce;Košice - okolie
Vydrany;Dunajská Streda
Výrava;Medzilaborce
Vyšná Hutka;Košice - okolie
Vyšná Myšľa;Košice - okolie
Vyšná Rybnica;Sobrance
Vyšná Voľa;Bardejov
Vyšné Remety;Sobrance
Vyšný Čaj;Košice - okolie
Vyšný Klátov;Košice - okolie
Vyšný Medzev;Košice - okolie
Vyšný Slavkov;Levoča
Vysoká;Banská Štiavnica
Vysoká pri Morave;Malacky
Žabokreky nad Nitrou;Partizánske
Zádiel;Košice - okolie
Záhorie (vojenský obvod);Malacky
Žakarovce;Gelnica
Zálesie;Senec
Zamarovce;Trenčín
Žarnovica;Žarnovica
Závada;Topoľčany
Závadka;Gelnica
Závažná Poruba;Liptovský Mikuláš
Zbehy;Nitra
Zborov;Bardejov
Zbudské Dlhé;Humenné
Ždiar;Poprad
Železná Breznica;Zvolen
Želovce;Veľký Krtíš
Zemianske Podhradie;Nové Mesto nad Váhom
Zemné;Nové Zámky
Zemplínska Teplica;Trebišov
Zemplínske Kopčany;Michalovce
Žiar nad Hronom;Žiar nad Hronom
Žilina;Žilina
Žitavany;Zlaté Moravce
Zlatá Idka;Košice - okolie
Zlatná na Ostrove;Komárno
Zlatno;Poltár
Zombor;Veľký Krtíš
Zubrohlava;Námestovo
Zvolenská Slatina;Zvolen
Ábelová;Lučenec
Abrahámovce;Kežmarok
Adidovce;Humenné
Ardanovce;Topoľčany
Babie;Vranov nad Topľou
Babinec;Rimavská Sobota
Bačkovík;Košice - okolie
Bádice;Nitra
Bajč;Komárno
Bajtava;Nové Zámky
Balog nad Ipľom;Veľký Krtíš
Bánov;Nové Zámky
Banská Bystrica;Banská Bystrica
Bara;Trebišov
Bartošova Lehôtka;Žiar nad Hronom
Baškovce;Sobrance
Bátorová;Veľký Krtíš
Beckov;Nové Mesto nad Váhom
Belá - Dulice;Martin
Belín;Rimavská Sobota
Beloveža;Bardejov
Beňadiková;Liptovský Mikuláš
Beniakovce;Košice - okolie
Bernolákovo;Senec
Bešeňov;Nové Zámky
Bežovce;Sobrance
Biely Kostol;Trnava
Bíňovce;Trnava
Blahová;Dunajská Streda
Blatné Remety;Sobrance
Blažovce;Turčianske Teplice
Bobrov;Námestovo
Bočiar;Košice - okolie
Bodovce;Sabinov
Bogliarka;Bardejov
Bohunice;Ilava
Bojnice;Prievidza
Boleráz;Trnava
Borčany;Bánovce nad Bebravou
Bôrka;Rožňava
Borský Mikuláš;Senica
Bošany;Partizánske
Branč;Nitra
Bratislava - Devínska Nová Ves;Bratislava IV
Bratislava - Lamač;Bratislava IV
Bratislava - Rača;Bratislava III
Bratislava - Vajnory;Bratislava III
Brdárka;Rožňava
Brestov;Humenné
Brestovec;Myjava
Breza;Námestovo
Breziny;Zvolen
Brezno;Brezno
Brezovec;Snina
Brezovka;Bardejov
Brodzany;Partizánske
Brusno;Banská Bystrica
Brzotín;Rožňava
Budča;Zvolen
Budince;Michalovce
Buglovce;Levoča
Bukovec;Košice - okolie
Bunkovce;Sobrance
Buzitka;Lučenec
Bystrany;Spišská Nová Ves
Bytča;Bytča
Bzince pod Javorinou;Nové Mesto nad Váhom
Čab;Nitra
Cabov;Vranov nad Topľou
Čajkov;Levice
Čakanovce;Košice - okolie
Čalovec;Komárno
Čáry;Senica
Čata;Levice
Čečehov;Michalovce
Cejkov;Trebišov
Čeláre;Veľký Krtíš
Čeľovce;Trebišov
Čerhov;Trebišov
Černina;Humenné
Cerovo;Krupina
Červenica;Prešov
Červený Kameň;Ilava
Chanava;Rimavská Sobota
Chmeľnica;Stará Ľubovňa
Chmiňany;Prešov
Chocholná - Velčice;Trenčín
Chotča;Stropkov
Chrasť nad Hornádom;Spišská Nová Ves
Chropov;Skalica
Chvalová;Revúca
Chyžné;Revúca
Číčov;Komárno
Čierna nad Tisou;Trebišov
Čierne nad Topľou;Vranov nad Topľou
Čierny Potok;Rimavská Sobota
Cigeľka;Bardejov
Čimhová;Tvrdošín
Čižatice;Košice - okolie
Čukalovce;Snina
Danišovce;Spišská Nová Ves
Davidov;Vranov nad Topľou
Dedina Mládeže;Komárno
Demandice;Levice
Detva;Detva
Dežerice;Bánovce nad Bebravou
Diviaky nad Nitricou;Prievidza
Dlhá;Trnava
Dlhá Ves;Rožňava
Dlhé Stráže;Levoča
Dobrá Niva;Zvolen
Dobroslava;Svidník
Doľany;Pezinok
Dolná Krupá;Trnava
Dolná Poruba;Trenčín
Dolná Súča;Trenčín
Dolná Ždaňa;Žiar nad Hronom
Dolné Lovčice;Trnava
Dolné Orešany;Trnava
Dolné Semerovce;Levice
Dolné Vestenice;Prievidza
Dolný Bar;Dunajská Streda
Dolný Kalník;Martin
Dolný Ohaj;Nové Zámky
Domadice;Levice
Donovaly;Banská Bystrica
Dravce;Levoča
Drienčany;Rimavská Sobota
Drienovo;Krupina
Drnava;Rožňava
Ďubákovo;Poltár
Dubník;Nové Zámky
Dubová;Svidník
Dubové;Zvolen
Dúbrava;Levoča
Dúbravy;Detva
Dulov;Ilava
Dunajov;Čadca
Duplín;Stropkov
Ďurďové;Považská Bystrica
Dvorany nad Nitrou;Topoľčany
Dvorníky - Včeláre;Košice - okolie
Falkušovce;Michalovce
Fijaš;Svidník
Folkušová;Martin
Fričovce;Prešov
Gajary;Malacky
Gánovce;Poprad
Geča;Košice - okolie
Gemerská Hôrka;Rožňava
Gemerské Dechtáre;Rimavská Sobota
Gemerský Sad;Revúca
Giglovce;Vranov nad Topľou
Gočaltovo;Rožňava
Gôtovany;Liptovský Mikuláš
Gribov;Stropkov
Habura;Medzilaborce
Hajná Nová Ves;Topoľčany
Haláčovce;Bánovce nad Bebravou
Hamuliakovo;Senec
Haniska;Košice - okolie
Hanušovce nad Topľou;Vranov nad Topľou
Harmanec;Banská Bystrica
Havka;Kežmarok
Hažlín;Bardejov
Henclová;Gelnica
Hermanovce;Prešov
Hiadeľ;Banská Bystrica
Hlboké nad Váhom;Bytča
Hlohovec;Hlohovec
Hnojné;Michalovce
Hodkovce;Košice - okolie
Holiare;Komárno
Holumnica;Kežmarok
Hontianske Nemce;Krupina
Hôrka nad Váhom;Nové Mesto nad Váhom
Horná Kráľová;Šaľa
Horná Mariková;Považská Bystrica
Horná Seč;Levice
Horná Súča;Trenčín
Horňany;Trenčín
Horné Lefantovce;Nitra
Horné Obdokovce;Topoľčany
Horné Pršany;Banská Bystrica
Horné Štitáre;Topoľčany
Horné Vestenice;Prievidza
Horný Bar;Dunajská Streda
Horný Pial;Levice
Horovce;Michalovce
Hostišovce;Rimavská Sobota
Hostovice;Snina
Hrabová Roztoka;Snina
Hrabovka;Trenčín
Hrachovo;Rimavská Sobota
Hradište pod Vrátnom;Senica
Hranovnica;Poprad
Hrhov;Rožňava
Hrišovce;Gelnica
Hrnčiarska Ves;Poltár
Hronec;Brezno
Hronská Dúbrava;Žiar nad Hronom
Hrubá Borša;Senec
Hrušov;Veľký Krtíš
Hruštín;Námestovo
Hubová;Ružomberok
Hul;Nové Zámky
Hurbanova Ves;Senec
Hutka;Bardejov
Hybe;Liptovský Mikuláš
Ihráč;Žiar nad Hronom
Imeľ;Komárno
Ipeľské Predmostie;Veľký Krtíš
Ivachnová;Ružomberok
Ivanka pri Nitre;Nitra
Ižkovce;Michalovce
Jablonka;Myjava
Jablonové;Malacky
Jaklovce;Gelnica
Jakubova Voľa;Sabinov
Jalová;Snina
Jalšovík;Krupina
Janík;Košice - okolie
Janova Lehota;Žiar nad Hronom
Janovík;Prešov
Jarovnice;Sabinov
Jasenov;Sobrance
Jasenovo;Turčianske Teplice
Jastrabá;Žiar nad Hronom
Jazernica;Turčianske Teplice
Jelka;Galanta
Jenkovce;Sobrance
Jestice;Rimavská Sobota
Jur nad Hronom;Levice
Juskova Voľa;Vranov nad Topľou
Kalameny;Ružomberok
Kalinovo;Poltár
Kalnište;Svidník
Kaluža;Michalovce
Kamenica;Sabinov
Kameničná;Komárno
Kamenné Kosihy;Veľký Krtíš
Kanianka;Prievidza
Kapušany;Prešov
Kašov;Trebišov
Kecerovce;Košice - okolie
Kečovo;Rožňava
Kežmarok;Kežmarok
Kľačno;Prievidza
Kláštor pod Znievom;Martin
Klenov;Prešov
Klin;Námestovo
Klokočov;Čadca
Kluknava;Gelnica
Kobylnice;Svidník
Kochanovce;Humenné
Kocurany;Prievidza
Kokošovce;Prešov
Koláre;Veľký Krtíš
Kolbovce;Stropkov
Kolonica;Snina
Komárov;Bardejov
Komoča;Nové Zámky
Konská;Žilina
Koplotovce;Hlohovec
Korňa;Čadca
Korytné;Levoča
Košeca;Ilava
Košice - Džungľa;Košice I
Košice - Krásna;Košice IV
Košice - Nad jazerom;Košice IV
Košice - Šebastovce;Košice IV
Košice - Staré Mesto;Košice I
Košická Belá;Košice - okolie
Kosihovce;Veľký Krtíš
Kosorín;Žiar nad Hronom
Kostolec;Považská Bystrica
Kostolná Ves;Prievidza
Kotešová;Bytča
Kováčová;Rožňava
Kovarce;Topoľčany
Kozí Vrbovok;Krupina
Krahule;Žiar nad Hronom
Krajné;Myjava
Králiky;Banská Bystrica
Kráľová pri Senci;Senec
Kráľovičove Kračany;Dunajská Streda
Krásna Ves;Bánovce nad Bebravou
Krásnohorská Dlhá Lúka;Rožňava
Kravany;Poprad
Kremná;Stará Ľubovňa
Krišovská Liesková;Michalovce
Krivany;Sabinov
Kríže;Bardejov
Krná;Poltár
Krpeľany;Martin
Krupina;Krupina
Kružlov;Bardejov
Kšinná;Bánovce nad Bebravou
Kučín;Vranov nad Topľou
Kunerad;Žilina
Kurima;Bardejov
Kusín;Michalovce
Kuzmice;Trebišov
Kvašov;Púchov
Kynceľová;Banská Bystrica
Kysucké Nové Mesto;Kysucké Nové Mesto
Lacková;Stará Ľubovňa
Ladice;Zlaté Moravce
Ladomirová;Svidník
Laskár;Martin
Látky;Detva
Lazy pod Makytou;Púchov
Legnava;Stará Ľubovňa
Lehota pod Vtáčnikom;Prievidza
Leľa;Nové Zámky
Lenartovce;Rimavská Sobota
Leopoldov;Hlohovec
Lesnica;Stará Ľubovňa
Letničie;Skalica
Levoča;Levoča
Licince;Revúca
Lieskovec;Humenné
Lietavská Lúčka;Žilina
Lipany;Sabinov
Lipová;Bardejov
Lipovec;Martin
Liptovská Anna;Liptovský Mikuláš
Liptovská Porúbka;Liptovský Mikuláš
Liptovská Teplička;Poprad
Liptovské Revúce;Ružomberok
Liptovský Michal;Ružomberok
Liptovský Trnovec;Liptovský Mikuláš
Litmanová;Stará Ľubovňa
Livovská Huta;Bardejov
Lom nad Rimavicou;Brezno
Lontov;Levice
Lošonec;Trnava
Lovinobaňa;Lučenec
Ľubeľa;Liptovský Mikuláš
Lubina;Nové Mesto nad Váhom
Ľuboriečka;Veľký Krtíš
Lúč na Ostrove;Dunajská Streda
Lučivná;Poprad
Lúčka;Rožňava
Lúčnica nad Žitavou;Nitra
Luhyňa;Trebišov
Lukavica;Zvolen
Lúky;Púchov
Ľutina;Sabinov
Lužany pri Topli;Svidník
Machulince;Zlaté Moravce
Magnezitovce;Revúca
Makov;Čadca
Malá Čierna;Žilina
Malá Ida;Košice - okolie
Malá nad Hronom;Nové Zámky
Malacky;Malacky
Malčice;Michalovce
Malé Dvorníky;Dunajská Streda
Malé Kršteňany;Partizánske
Malé Ozorovce;Trebišov
Malé Trakany;Trebišov
Malé Zlievce;Veľký Krtíš
Malužiná;Liptovský Mikuláš
Malý Kamenec;Trebišov
Malý Šariš;Prešov
Maňa;Nové Zámky
Marhaň;Bardejov
Markušovce;Spišská Nová Ves
Martinček;Ružomberok
Maškovce;Humenné
Matovce;Svidník
Medovarce;Krupina
Medzev;Košice - okolie
Medzilaborce;Medzilaborce
Mengusovce;Poprad
Mestisko;Svidník
Michal nad Žitavou;Nové Zámky
Michalová;Brezno
Miklušovce;Prešov
Mikušovce;Lučenec
Miňovce;Stropkov
Mlynárovce;Svidník
Mníchova Lehota;Trenčín
Močenok;Šaľa
Modrany;Komárno
Mojmírovce;Nitra
Mokrá Lúka;Revúca
Môlča;Banská Bystrica
Moravské Lieskové;Nové Mesto nad Váhom
Most pri Bratislave;Senec
Motešice;Trenčín
Mudroňovo;Komárno
Muránska Dlhá Lúka;Revúca
Mútne;Námestovo
Mýtna;Lučenec
Nadlice;Partizánske
Námestovo;Námestovo
Nechválova Polianka;Humenné
Neded;Šaľa
Nemčice;Topoľčany
Nemecká;Brezno
Nenince;Veľký Krtíš
Nesvady;Komárno
Nevoľné;Žiar nad Hronom
Nitra nad Ipľom;Lučenec
Nitrianske Pravno;Prievidza
Nižná;Piešťany
Nižná Jablonka;Humenné
Nižná Olšava;Stropkov
Nižná Sitnica;Humenné
Nižné Nemecké;Sobrance
Nižný Hrabovec;Vranov nad Topľou
Nižný Kručov;Vranov nad Topľou
Nižný Skálnik;Rimavská Sobota
Nolčovo;Martin
Nová Bošáca;Nové Mesto nad Váhom
Nová Dubnica;Ilava
Nová Ľubovňa;Stará Ľubovňa
Nová Ves;Veľký Krtíš
Nováčany;Košice - okolie
Nové Sady;Nitra
Nový Ruskov;Trebišov
Nový Život;Dunajská Streda
Obišovce;Košice - okolie
Ochodnica;Kysucké Nové Mesto
Odorín;Spišská Nová Ves
Okoličná na Ostrove;Komárno
Oľdza;Dunajská Streda
Olováry;Veľký Krtíš
Oľšavka;Spišská Nová Ves
Omastiná;Bánovce nad Bebravou
Ondrašová;Turčianske Teplice
Opatovce;Trenčín
Opiná;Košice - okolie
Orávka;Rimavská Sobota
Oravská Poruba;Dolný Kubín
Ordzovany;Levoča
Oreské;Skalica
Ortuťová;Bardejov
Osikov;Bardejov
Ostratice;Partizánske
Ostrý Grúň;Žarnovica
Otročok;Revúca
Ozdín;Poltár
Pakostov;Humenné
Paňa;Nitra
Papradno;Považská Bystrica
Partizánska Ľupča;Liptovský Mikuláš
Pastovce;Levice
Patince;Komárno
Pavlová;Nové Zámky
Pavlovce nad Uhom;Michalovce
Pečeňany;Bánovce nad Bebravou
Perín - Chym;Košice - okolie
Petrová;Bardejov
Petrovce;Rimavská Sobota
Petrovice;Bytča
Piešťany;Piešťany
Pinciná;Lučenec
Plášťovce;Levice
Plavecký Mikuláš;Malacky
Plechotice;Trebišov
Pliešovce;Zvolen
Počarová;Považská Bystrica
Podbranč;Senica
Podhorany;Kežmarok
Podhoroď;Sobrance
Podhradík;Prešov
Podlužany;Bánovce nad Bebravou
Podrečany;Lučenec
Podzámčok;Zvolen
Pohronský Bukovec;Banská Bystrica
Poľany;Trebišov
Polina;Revúca
Poltár;Poltár
Poprad;Poprad
Poráč;Spišská Nová Ves
Poruba pod Vihorlatom;Michalovce
Porúbka;Sobrance
Potok;Rimavská Sobota
Potvorice;Nové Mesto nad Váhom
Povoda;Dunajská Streda
Praha;Lučenec
Pravenec;Prievidza
Prečín;Považská Bystrica
Preseľany;Topoľčany
Pribeník;Trebišov
Pribylina;Liptovský Mikuláš
Prietrž;Senica
Prihradzany;Revúca
Proč;Prešov
Prša;Lučenec
Pstriná;Svidník
Pucov;Dolný Kubín
Pusté Pole;Stará Ľubovňa
Rabčice;Námestovo
Radimov;Skalica
Radoma;Svidník
Radôstka;Čadca
Radzovce;Lučenec
Rajecká Lesná;Žilina
Raková;Čadca
Rakovnica;Rožňava
Rakytník;Rimavská Sobota
Raslavice;Bardejov
Ratkovce;Hlohovec
Ratkovské Bystré;Revúca
Ráztočno;Prievidza
Rejdová;Rožňava
Renčišov;Sabinov
Rešov;Bardejov
Richvald;Bardejov
Rimavská Seč;Rimavská Sobota
Rimavské Zalužany;Rimavská Sobota
Rohovce;Dunajská Streda
Rokytov;Bardejov
Roškovce;Medzilaborce
Rovňany;Poltár
Rozhanovce;Košice - okolie
Rožňavské Bystré;Rožňava
Rudinka;Kysucké Nové Mesto
Rudňany;Spišská Nová Ves
Rudno;Turčianske Teplice
Runina;Snina
Ruská Nová Ves;Prešov
Ruská Volová;Snina
Ruský Hrabovec;Sobrance
Ružomberok;Ružomberok
Rybník;Revúca
Sádočné;Považská Bystrica
Šaľa;Šaľa
Šalov;Levice
Šandal;Stropkov
Šarišská Poruba;Prešov
Šarišské Dravce;Sabinov
Šarišský Štiavnik;Svidník
Sása;Zvolen
Šávoľ;Lučenec
Sebedražie;Prievidza
Sečovská Polianka;Vranov nad Topľou
Sedmerovec;Ilava
Selce;Banská Bystrica
Selice;Šaľa
Šemša;Košice - okolie
Senica;Senica
Senohrad;Krupina
Šíd;Lučenec
Sikenica;Levice
Silická Brezová;Rožňava
Šintava;Galanta
Sirk;Revúca
Šišov;Bánovce nad Bebravou
Skalité;Čadca
Sklabiňa;Martin
Sklené Teplice;Žiar nad Hronom
Slančík;Košice - okolie
Slaská;Žiar nad Hronom
Slatinské Lazy;Detva
Slavnica;Ilava
Slepčany;Zlaté Moravce
Slizké;Rimavská Sobota
Slovenská Ľupča;Banská Bystrica
Slovenské Ďarmoty;Veľký Krtíš
Slovenské Pravno;Turčianske Teplice
Smilno;Bardejov
Smolnícka Huta;Gelnica
Snakov;Bardejov
Soboš;Svidník
Sokoľ;Košice - okolie
Soľ;Vranov nad Topľou
Soľník;Stropkov
Sopkovce;Humenné
Španie Pole;Rimavská Sobota
Spišská Teplica;Poprad
Spišské Tomášovce;Spišská Nová Ves
Spišský Štiavnik;Poprad
Stakčínska Roztoka;Snina
Stará Bašta;Rimavská Sobota
Stará Kremnička;Žiar nad Hronom
Stará Myjava;Myjava
Staré Hory;Banská Bystrica
Staškov;Čadca
Štefanov;Senica
Štefanovce;Vranov nad Topľou
Štiavnička;Ružomberok
Štítnik;Rožňava
Stráňany;Stará Ľubovňa
Stránske;Žilina
Strážske;Michalovce
Stredné Plachtince;Veľký Krtíš
Stretavka;Michalovce
Stročín;Svidník
Studienka;Malacky
Štúrovo;Nové Zámky
Suchá Dolina;Prešov
Suché;Michalovce
Súdovce;Krupina
Sulín;Stará Ľubovňa
Šuňava;Poprad
Šúrovce;Trnava
Šútovo;Martin
Svätuš;Sobrance
Svätý Kríž;Liptovský Mikuláš
Sverepec;Považská Bystrica
Svidník;Svidník
Svinná;Trenčín
Svrbice;Topoľčany
Tajov;Banská Bystrica
Tatranská Javorina;Poprad
Tekovské Lužany;Levice
Telince;Nitra
Tepličky;Hlohovec
Teriakovce;Prešov
Tešedíkovo;Šaľa
Tisinec;Stropkov
Tokajík;Stropkov
Tomášovce;Rimavská Sobota
Topoľčianky;Zlaté Moravce
Toporec;Kežmarok
Tovarné;Vranov nad Topľou
Trávnica;Nové Zámky
Trebeľovce;Lučenec
Trebušovce;Veľký Krtíš
Trenčianske Bohuslavice;Nové Mesto nad Váhom
Trenčianske Teplice;Trenčín
Trnava;Trnava
Trnávka;Trebišov
Trnovec nad Váhom;Šaľa
Trsťany;Košice - okolie
Trstené pri Hornáde;Košice - okolie
Tuhár;Lučenec
Turá;Levice
Turčianky;Partizánske
Turčianske Teplice;Turčianske Teplice
Turcovce;Humenné
Turík;Ružomberok
Turzovka;Čadca
Tvarožná;Kežmarok
Ubľa;Snina
Údol;Stará Ľubovňa
Uhorské;Poltár
Ulič;Snina
Unín;Skalica
Uzovská Panica;Rimavská Sobota
Vagrinec;Svidník
Valaská;Brezno
Valča;Martin
Vaľkovňa;Brezno
Varechovce;Stropkov
Vavrečka;Námestovo
Včelince;Rimavská Sobota
Velčice;Zlaté Moravce
Veľká Čierna;Žilina
Veľká Ida;Košice - okolie
Veľká Lomnica;Kežmarok
Veľká Paka;Dunajská Streda
Veľké Bierovce;Trenčín
Veľké Chyndice;Nitra
Veľké Dvorníky;Dunajská Streda
Veľké Kostoľany;Piešťany
Veľké Lovce;Nové Zámky
Veľké Pole;Žarnovica
Veľké Rovné;Bytča
Veľké Trakany;Trebišov
Veľké Vozokany;Zlaté Moravce
Veľký Biel;Senec
Veľký Ďur;Levice
Veľký Kamenec;Trebišov
Veľký Lapáš;Nitra
Veľký Šariš;Prešov
Velušovce;Topoľčany
Vidiná;Lučenec
Vieska nad Žitavou;Zlaté Moravce
Vinica;Veľký Krtíš
Vinodol;Nitra
Vislanka;Stará Ľubovňa
Višňové;Žilina
Vitanová;Tvrdošín
Vlača;Vranov nad Topľou
Vlčany;Šaľa
Vlková;Kežmarok
Voderady;Trnava
Vojka nad Dunajom;Dunajská Streda
Vojtovce;Stropkov
Voznica;Žarnovica
Vrádište;Skalica
Vrbov;Kežmarok
Vrbovka;Veľký Krtíš
Vrútky;Martin
Východná;Liptovský Mikuláš
Vyhne;Žiar nad Hronom
Vyšná Boca;Liptovský Mikuláš
Vyšná Kamenica;Košice - okolie
Vyšná Polianka;Bardejov
Vyšná Slaná;Rožňava
Vyšné Nemecké;Sobrance
Vyšné Valice;Rimavská Sobota
Vyšný Kazimír;Vranov nad Topľou
Vyšný Kubín;Dolný Kubín
Vyšný Skálnik;Rimavská Sobota
Vysočany;Bánovce nad Bebravou
Vysoká nad Uhom;Michalovce
Žabokreky;Martin
Zacharovce;Rimavská Sobota
Záhorce;Veľký Krtíš
Zákamenné;Námestovo
Zalaba;Levice
Zalužice;Michalovce
Žarnov;Košice - okolie
Zatín;Trebišov
Závadka;Humenné
Zavar;Trnava
Zbehňov;Trebišov
Zbojné;Medzilaborce
Zbudská Belá;Medzilaborce
Ždaňa;Košice - okolie
Zeleneč;Trnava
Želmanovce;Svidník
Zemianske Kostoľany;Prievidza
Žemliare;Levice
Zemplínska Široká;Michalovce
Zemplínske Jastrabie;Trebišov
Žiar;Revúca
Žikava;Zlaté Moravce
Žirany;Nitra
Zlatá Baňa;Prešov
Zlaté Moravce;Zlaté Moravce
Zlatno;Zlaté Moravce
Zohor;Malacky
Zubné;Humenné
Zvolen;Zvolen
